007123asd,f22e8ec7-f84e-42a9-9427-f8e1155b1156
007milo,4f288e71-01a2-48fb-aa06-ae5f7f55d9b2
1022john,b5d6817f-36c5-4a1c-8a36-2287b4c1fab9
123keelos,1da1530d-3810-4df5-be15-a60043f4f991
1337_b055,3d168071-c4f1-4534-b1c9-f296f683687b
1342001,a20b0ac3-33f2-4dd6-98c7-196b7b4464f0
13pokedude,31e7290f-3900-4f45-8cec-81178e8eedc9
170gbng,d7f8616e-61ef-410e-b87a-bc9a4a2cc55a
18kingkoopa,ce38b4fd-6091-4d85-b4e5-d4890338d00c
1geir,4456f7f5-1f05-40e2-88a8-1e10b8927e07
1marciboy1,c3cf29cc-0d91-49da-b318-949c193d7974
1peypey,956fe585-9dda-4c6b-b7d3-af201074396b
2019mikelee,40ed1de5-573e-4524-bb4c-6f09f4cd9651
23hawks,0506996d-f70b-43bb-b448-b22adc9650e4
2craftmaniac,53d2b235-7b17-4f7b-b01f-6a64490dc28b
2tone87,6f2ee758-80e4-4319-ad64-dae5d78169bc
31zack1,37d951c5-9320-4aa6-b7a0-a2e67cf4dabb
3craftmaniac,046f0391-4e85-438d-bd9a-3f0b0ce2bbf0
3crazygirls,5088f03b-a628-4240-8cb3-461e1e9ee1dc
3fatboys,dc1c4741-9deb-48ad-bd89-de538453a304
40kaden,1e9c4e4c-5388-4586-9d9c-577a322d0f08
420kush_plant,da968bd4-0918-4557-bed6-81da961c92ca
42shyguy,ab9abc58-db6b-4316-91a5-9e34e85402b7
432zoom,ce16dfdd-02f2-4085-8158-85be9a32a5ff
4lmutairi,7df949b9-b2ab-47d2-8c38-e7dde58e91f2
720325,22b5fe5c-1098-4362-a4ba-ceebc7c3b033
77shotgunpuppy77,d6c9162f-73f5-4c55-a73c-1825d9fe5169
8arnau,f5b33f61-1baf-419c-8769-a21301a45c3e
8blackrose2,bb64f150-2b6d-4208-b474-ab57c419c1e1
95kills,319716ad-56a0-4830-97c6-14f9587fb556
___equinox__,96291061-36bf-4eeb-aac2-d38ee61b8c8e
__connor__,4c2bc50d-ebac-4f2b-bf72-42eb12ef359b
__pandagirl27__,539e3cbe-5210-4abb-97b3-25f338ee1a49
__steve,16f93a28-f811-4ab4-a37a-52dabccf4260
_aiden,db0062c0-21f4-4a70-9ae9-4efe43b4e9d4
_asianpanda,5332d00e-b34a-4697-9ef6-c7d82fc4ef28
_awesomesocks19_,bc51b8e9-0b3a-49b0-9945-45c2de8b0b71
_awesomewaffles,7af3837b-a213-48c5-bb70-8e2940cac3e2
_badgurl,3339808d-640b-4153-99d8-53560d27d6ff
_bigdaddycaddy_,1f448072-39c4-4ae8-8f93-e36149c125f3
_clownen_,ee04e626-5e30-4565-91af-41dbd955a5ce
_datnamedoe_,a915b919-a3b1-4645-b263-eda261d8ecc1
_davide2001_,e41000da-ae35-42e1-8a55-d534d42d3e40
_exoticgamer_,cc0d2f34-8669-4a6c-9c3b-0122e717aab9
_fire_power_,eb7d8516-2ee2-4b01-94cb-0b76c574753c
_green_force_,ad420499-75c8-4b98-961d-a8424062b36e
_hotbr_,68d01e45-8a7d-414a-9fa9-62c038ff4545
_hunterdavid_,c3503e35-af43-4602-b34f-6b99cc4718c7
_kandi_girl_,27fba30c-4d5a-429a-a8a9-c18813302d4f
_lane_the_game_,2d660b19-d539-4449-aaa0-9952e40525d7
_men_in_red_,59783c2c-b72d-4376-a46b-ea7f62785492
_minecraft59_,a2e2b47f-1a06-48f5-95b1-b3c64c92ae76
_mysterym_,6f5538d0-e1fd-4b17-9422-dec9613f42a8
_noflexzone,e4a37ceb-513f-4569-a635-ff7edf8e339f
_packer_,3ac94bfb-b86b-41ac-aa17-2164385a188b
_rise_above_,9ae4f569-c003-44a3-94c1-d174dcb148ea
_shadow514_,4b404f00-6763-424a-8dee-607e58d111dc
_sonicoom_,16ed3a34-4622-4d63-b4cb-24c621d3dc6a
_swiftwolf_,8b641842-8a74-43da-b042-27c571698f72
_tazmaniac_,56b02081-1fe0-460b-83b1-2ea0d1cc767d
_the_second_,f4494848-43e2-418e-be2a-35f19807967f
_triton_,f9af63c7-f346-44b8-bc88-2e41921976fc
_wizard,d553053b-a85c-438f-b309-a66c923de78a
_xxomegaxx_,327e38cf-8163-4e34-bcf5-628a0325737b
_zaknafein_,79a13716-eefe-4a71-b79d-a46f4f114aad
_zequal,375ba0b3-2810-4522-af12-210938cadf48
a0296905,5f4ebc82-e0c6-490d-82c8-c461b70440bd
a1cup,c606db2f-c502-4718-8e3f-1e06d4095543
a24coco,1fa02d92-5ea5-4eb7-a040-72078c99f4d7
a_bear_in_a_cave,ad4a6579-1504-4518-a626-b1f814ef8bed
a_rod_01,81065765-50f3-4114-892d-c15db1b746fe
aaa27070,e49ec417-99e8-4af8-a87d-d93c1c8b390b
aaaz2040,28d44710-0632-4ffa-be01-02a09e084c0b
aanthony_47,ce4f7bca-39e9-415f-be94-e1cc8b8d7ef0
aaron_bloom,aea0d887-34b3-4218-942e-a0d25de88790
aaronjackparks,39154c7b-9941-4fc1-b8a8-5ee135b84374
aazray,8c8138e1-affb-4cbe-8ce7-be9bfa084435
abbe5000,79236b6b-8b5d-4be8-89b5-ca8d2509aaa1
abudabu94,abe7bc55-b690-425a-a2c6-b5579dbe78cd
acethesquid,81b6f119-a979-40e2-8fe1-2361700cc433
achooooew,de613094-84dc-448f-bac8-da1e5fb11910
acjdeofd,5e181f14-27e1-46f7-b67a-66394371c6c7
acr_rapidzz,4a5c9d23-bb53-4c7f-9402-444d5dcccff9
acthewookiee,31160c72-5e50-4483-a716-33720d69ede1
adamcass,b61ffc47-a9c7-4673-8df0-2437c726fbe5
adamholz,c1bc5076-6d66-49c4-9080-e8c33d22a9c3
adamjson,254f84c7-e2e7-4077-aaf3-d4e121339600
adriantr02,a5c14de7-570e-4af1-a07b-06068ae34e19
adrienne55,34f45ad1-261c-4aa7-bbb3-35e7f50a53b7
aedanbpilch,1199261d-f90b-4b4d-967a-e49aec30b0f2
aex,6fc75248-5ac3-4b89-b596-b178c8d41c7d
agentkb11,2ba6b9ae-023b-44a6-8ff7-6a7d960b717b
agentmoocow35,d464b40c-6f5f-42fe-a7c2-6951eef09b87
agony66,85e9401c-0dfe-48de-92bc-a6a1eb49299b
ahetalian,47a92700-7e2e-486c-91aa-f12283eb8eba
aidanyuen929,eb48a243-3d1c-4bfa-adff-d3143b1cbf41
aiden_c12,e4217b98-6948-4090-9de8-c80828d38880
aidenskyarmy,322c5d39-4c5a-4d84-8593-d0c469eb903e
air_striker_2000,66ed682f-052e-422c-af13-99ce490f8c5c
ajm51,ab1e713c-d10a-4efb-8d21-291c3a477f5c
ajstrikehammer,42d09ab8-2fec-47c9-8fe5-a53120ca504b
aka1379,c0f74714-3b35-4de8-bdde-79c068870ce2
akafog,0477d93d-a756-4dfe-99da-f70eab6ba355
akaweke,fd3f90d1-20ba-4e1d-a9d6-7aa3142d1161
aksc8,9483fd56-036b-47dc-b634-fd6e1917ee69
alagene,cb3ae640-e2dd-4551-8a88-5039dad710c8
alaughingproject,ca10da61-bd34-46c5-8325-acd0ead905f4
albeado,87b9712f-b483-44fc-bb60-597f2e39688b
albert481,5728e6ca-3919-48df-85e0-3c7e9e0e337c
aldur90,ae619d83-898f-4660-b694-75dc3d3ea721
aletaglia,42f3c51e-b632-48d4-a277-8ed6103f7686
alex11702,e653800b-bea5-4ff1-87f9-be6fd486b5f6
alexabz,bfc56c6d-25f3-498a-8b56-cb433a6995f6
alexanderfly2004,637962b4-d1f9-4828-97a1-70fb41544f2c
alexandert2003,9b210882-231d-4d1c-817b-931f3f16e603
alexbossdemin,919d620b-ff5b-4f19-a38d-e0b99a644d74
alexf1823,9f4a16f9-c1f4-4e55-beb1-9fefd3d1a8a7
alexisfly7878,9fbdf163-04a7-484c-81b2-b6a5553e5c4d
alexisiop,af1e2a30-9a70-496a-b342-507bd8e1066c
alexk419,1caeb81c-3af6-47f4-aa76-85b272817cc0
alexnow216,f6501198-37ef-45d2-807d-e2d958780b02
alexshephard,e3e9fd20-70f8-4b41-a3a5-6d5079934f57
alexskaar,35312e30-d513-4967-91d3-0c26f0d49a65
alexthelf,77a82a47-1682-4dd2-a3df-80ad30917a1b
alextlg,e94aa767-93cf-4ad5-ac05-3e710e68c9a3
alfura99,59e4423f-7281-494b-b076-f11331fdf705
ali_football24,ccc4b300-1ac9-4708-a2a8-883f71856f1e
alicethegymnast,0f53e613-28c3-4225-9dad-27d54b455bd8
alienblood2004,5ae80755-1d25-4e2a-a0aa-c0732602c558
aliendude3799,712e86b3-cd3e-440d-b225-d8caa81f2dfd
aligatorturtle12,43bc0e36-523a-4bc4-9e15-5a40e806cf9d
alkaiae,0ebd1791-da9e-413f-aa11-99668977d06b
all_dat_cake,f153fcf7-393c-430e-ba85-dd773a2bcd08
allenle4,cc787988-41e3-421c-9849-a5765191fa4e
almitchell02,2b0845bd-7f11-4a2c-a336-8d54bbcbd591
alpha5555,f90c8b65-b281-4692-bab0-361cda569e72
alphamatrixx,86beee62-85b6-4bcc-9d0f-8d1653ab8c91
alphawolf0719,c5e95481-9f14-4e4c-9e7f-032a856f34b8
amesdevlin,bb7089b9-5ab8-465c-a6b5-b0d414e2fd7e
amethystfoxygirl,0505df51-06a9-4067-842b-cf171e31b6e6
amex,eb0b0580-7375-4190-8543-5f6080b2c70f
amymines,79485e44-e658-4b56-8d42-d6971d15a413
amyprombee,7334aec9-e5d2-4f9d-a142-4336fb1737cf
an29dy,c03c28f2-94fc-4af7-9ec2-d5f8cc3d73d2
anakk,ce887116-cf6d-4b04-b043-0b7ac555d886
anarchy360d,78152862-5996-44f8-b62e-aa9ba24a3271
anderholub,ce066688-8c2e-458f-be31-cb9a3399f9e7
andrew617,757f5502-b3ca-445f-9102-54cd8691b321
andrijafulltv,7d0bdcb8-a76d-4bf3-be6e-be6afc5fe6b5
andy3015,4194951d-6f14-48b6-8ec1-b6f161a61d20
andy617,dcfb630e-333e-4125-aa09-1c29d90ee58b
andyaakt,e77a28fb-9a2e-498c-82f9-19728a11639c
andyz118,3ed6d65b-8505-441b-bcca-45696f7167c5
angel_kat560,71f4da4e-fc25-4412-b7fb-974604fc5cc3
angimacca,bb5059d1-9404-4df9-9c23-eeead84cd53e
animexjenna,cf88f085-1d7a-42f0-91c3-05a2d7f434a7
annabdiamond77,9b33d472-a5e8-461a-aee1-8e55892d6710
annahiba,a5e5a809-88bc-4851-9fc2-179410f29470
annimalseeker,9c6cc3c8-4163-4461-b272-8674edeca5d8
annoyanceanvil11,de4ce2e3-1184-45f2-ba31-02bcac666417
another_try,18bd3194-6681-47af-bfff-a041cdd2df66
antbo_dragneel,54888424-fb4f-49f3-b6bc-23641b16e357
anthon707,0b732f4b-3db3-4963-8e6a-5357222807bd
anthony915,0119b4d9-a71c-477a-811d-45296a77e573
antvenom486,645303a8-74bf-4e93-b6e8-259702a7c6a5
anuspenatratus,0ecdd329-8c06-4274-af6e-b4c922e58f9a
aone122,873bb9f2-340b-4dd1-bace-419412029a4e
apen_alfred,61813067-f3dd-497c-b44a-427dba4ec39e
apptrends,f0cbac42-1a79-4b26-8770-78659e909ed2
aquamarine_fairy,f2555445-0cfa-4132-972d-ceeaef28a7af
aquaphoenix101,a80e2491-03e9-4311-8f11-5237eaab7041
aqwee247,6968314c-9665-4acc-a939-cf50cbdb82ce
aranpatel,3d09d521-0fcb-4502-aa4a-9f74c027d37d
archiebold1234,a20aebf4-f90a-43b4-9ef2-2e477eedfe6a
archnemezis,b40738cf-00d7-4e4a-9c6e-53e2112c6a5a
ariacoolcraft,6df7d9dc-c355-4310-9c0b-f98b19e24877
arielzohar,be1220c4-b9c3-4cf6-8404-a93261c0c81e
arkolly,9bb7c0f9-f878-4678-b49b-88d525e94ff8
arkshoadow234,1db12ca6-3405-489b-8be5-758dc25511c5
arm3geddon,147612e0-fb60-46f0-b45c-316ef4c78def
armanisky,90e3b655-cd72-45e9-a35a-810ef379aab7
armyboy310,c3e62127-8785-4b5c-9abe-a45c323bfda1
armyham,963a9d7a-3cf8-4a1b-a812-ada097dc8381
arrow1234,9920169e-a06b-4fc4-bf44-ed8225d3dcd0
arrowshooter64,7cae81af-bcd4-4777-987f-5ef06deb7208
artic755,9b492ea3-93df-452a-8f4b-e48b0b9c1882
artman116,15d31674-4f10-4323-878b-0c990ac1f676
arvid0616,a8639a56-7b98-40d4-bddb-c8592a572860
arvidberga,0eb2bc82-d3b5-4fb4-b599-f7e9d1f8cb74
asa90277,21094865-168f-44ec-8409-3f3cc5524d61
asbjornb04,6056ee0d-7876-4cb1-8c59-4351cd0ccd49
asfbajin,ef6f939c-106b-49a0-ba9a-677ead57a156
asfjraj,84f2606a-fd8f-4554-af31-4ddca3198de7
asianqueen,a9ea79c6-0862-4435-9572-c91a5854841f
assal,a9021ed2-bd7e-4698-bdd1-389fe098bfde
atfaunited,7641361f-2ef2-4ed8-bc4d-ac986faeb7b8
atomicsong,26ee424e-ea98-4daf-859f-f92ad3233ce9
ausconor,3c4ebfdb-7bb1-4c6c-a7e0-1b923c203fc7
aussieforlif3,2a9f4bda-2396-479c-9133-90609d8ab0c3
austinp01,0ae5f838-5e68-458c-874b-202c10f875f3
autoremixsound,d561a769-fbc6-4ee2-8dec-cfbfedd8aa7a
av0cados,ae00ade9-dc2e-496c-b0ff-ae511e336246
awesome0724,b4fc6ea2-5ce4-4620-a7de-b1a586b6f741
awesome_dj_jack,74c8d83c-619e-45ee-931a-1bd37424b845
awesomekiller121,30b3b05d-a3d1-4f36-a73b-228542cf9f02
awesomesaucee1,c93a8298-47d4-4056-b87d-d6dffb6d5600
awh13,a9e446b1-d621-49ba-a49c-5f4588f93b75
awsomeguy1111,a6fa5cf1-f748-4a61-8e67-46ffc9cca9ef
ayumi_69me,eb38a246-4d9e-4f77-be26-35e301392792
azer0108,3ce07c46-2165-40de-b097-eabd6e617a91
baba_looey,f048d145-2bd7-41cb-a818-329053225d87
babolat1265,cbd7fb82-da40-4e12-9df3-e4662be36110
babyhead012,796806df-d74b-4544-8709-445f47229ecc
babymann001,5a8d86d9-2159-4cef-93c9-4af08f9d1e4c
bacca_afk,c197405a-1727-4a15-a1e0-71ba414ef811
bacca_general,c692041d-574e-4605-ab4f-369ae4e88ef1
baconear,b6d69b40-30a8-46f3-961f-2a39cff28b89
badmaddie,f55125fe-6bb0-4d09-82c0-2e45580c028e
baileyxrocks117,3942d50c-db13-468c-948f-be7214e9fdca
bakerman_____,875381f9-382c-4e20-b3a2-26170bbeec49
ballist1cdog,2941679e-a78a-4743-8c80-01b811ce786c
balthierace,44a932c1-737a-48b2-88e3-4bacfbc6af16
bamitsharry,a3ea86a8-a2ef-45a1-92f1-106426853097
bananacow571,75b109d0-e8d0-46b3-bb88-8c256bb2a4a7
barkley6,2e053cff-c0ba-4c2b-bd13-655f7d8f91dc
basdigger12,34cc1093-3df3-4b26-b1eb-719e4e700103
bass_treble1,e398ea46-be78-4ecb-9c4b-25b88f60badb
basse8902,24a567a1-9f93-48fd-922c-0f94e72798e0
batfly,f014f925-9c4e-459c-9700-ffb75f5e17b7
batlle_game,8ad6f786-82b4-41a9-abf3-df28ba39fa40
batmansfriend,032f4376-c238-43b8-8fd7-f7cfff67ad04
batzoo,554f08fd-ea92-444c-b6e1-a8bc37dfd3be
bayside308,1ddcbc7a-89cf-4a55-90f9-55ef819bd833
bazz276,fdf90f58-ce0e-4eca-8fc7-2e9be1d628cf
bbasford123,704098e7-ce1e-42f7-8521-59a0c006416c
bbllaakkeewilson,958b7606-bcb1-4cd9-85d6-85e89b09ba64
bbonick14,c153091d-da30-480f-badc-bbd4ae416734
beagsy99,f81544f5-150e-4c6e-a5bd-4405dc4c5ac5
bearpawss,df1874c7-c5b1-4aad-be98-35327de783a0
beastphp,e5c6805e-c0f6-4ac8-b718-4b9ff3bfd5e2
beastpwnzer,de3b42fd-94aa-4ed2-8eaf-79524734131a
beastraider53,856f2549-41ee-441f-8a65-6b476e83ed85
bella_baker,29d6a2b6-04ba-4071-a241-d7b39ebdcafd
ben189289,b59b3cd5-5645-4fc9-9ee8-480b3a0f30c8
ben7young,f8ed244d-ec20-47fd-8ec4-4979e9c35b29
benderfan,1637f4e9-2d23-4c8b-90fc-0235653c5a7f
benjarocks9,66de0b49-342d-4399-8a64-559bfea400a3
bennyboy3827,541e34d3-b4e6-424f-99b7-baa11ceb39d1
bertieboy23,ea4e8ab9-4c6c-4eed-b5dc-01383e10edc2
best_warrior,9c76b99d-4f5a-4f29-bc52-5f2ad03a25f2
bibihanselman,07c05ed5-79a9-4cfc-9c48-8ee43158472f
bigbadmaximan,f516d247-38b5-4d98-b79f-aa62271145c1
bigdrewburt,8a120b66-f851-4910-8319-071e65d349e0
bigfrank2,a2be55ae-4a1b-4650-8599-9b73875073ed
bigmick88,2b006a42-7ec1-433c-a781-0d8ab97b104c
bigt1932,66d446a0-cd33-4acd-892f-4578fa9fdbd0
binaryclock,f89b7b6b-d295-4b7f-b7fd-7cbd3226f54d
binjinboss,9c713b60-f244-4c59-9971-3bdb3c5f1da1
binsam,371e8bba-2163-4ce1-91eb-93df9388f590
birk04,0ccbd662-28b4-4824-9185-56deb520e6fa
bitdroidhd,2393b45d-5057-4bb5-97e6-84c0d2a5ec8e
bjhanner,a83d6ce0-b5ea-410e-8e69-2db14fa66bd6
black_bird956,877cde5e-f147-4629-9537-ddc6445a2ebc
blackheart5816,d46a8e7b-a41e-45b8-8fa4-850770298248
blackherobrain,497d76a1-cdb7-4815-b1c1-a226db625643
blackwasabi12,cc3faf7c-44e8-4a8a-ad1c-f374eaa6ee43
blade123htg,8dbc7428-51b2-40cc-86d7-6b0809589116
bladefury12,03498503-4e61-407f-9042-8acb63a5c45e
blake_fakhoury,8689f95e-385f-4cc2-af96-b5b487ce5543
blaken88,d8da62e9-b5c7-44e9-8c25-9dfc423a5db5
blakethekidmc,cae01172-55e8-4b90-ae95-b601baa60cab
blakey_15,44a0dae6-d088-43d7-becd-94e0c0753a1c
blakjak909,101e4c41-9961-4d48-98ab-c212a2c6781c
blakjak910,c5bd8d5d-7cb4-42e8-ada4-49a2ac3bfab5
blasterdark12310,051eba79-d71d-446d-bcea-ae7502b3bc07
blasterking99,5974a8b8-d3ce-4327-b8ef-c95e92c2176f
blastertyler,3a795a2f-c62e-4a0e-9e76-abeb27f39ac1
blazedplaysmc,935284f9-cfae-484f-a05e-869d7e81973d
blazehell,e0b5bdd3-3cc0-40e5-8f15-2967cffaca3e
blazingxpenguin,917eaffa-3aa6-47e2-9c44-73a547dbeb18
blemo,6515ec4f-95e1-42f8-82cb-43256ed08660
blockanator5000,ac4fd15f-f5b6-45c1-be27-b7c6fbcd2d2a
blockedchain85,dfe26981-bbee-4692-b693-8ae4aa274b15
bloodbubble2012,c3a6f82c-8f57-4350-a6be-c70979828a77
bloodhound820,92d8eaff-5d3a-4435-a74c-95816435ce8b
bloodyknight161,bea7d948-e977-49f4-a771-6e7447de740a
bloomper3,3c709984-6a74-484e-9425-2a8b0bdb805c
bloxman103,14a02001-44da-4104-890e-086b5c65bac3
bluberry669,e570581f-4093-4dd0-819f-c977323eacee
bluegalxyrs,4ec3a870-2715-4080-8589-a97bead383b9
blueslimehero,12ea2578-7bd3-4ca2-8dd0-86ed5af4df08
bluie01,41976b51-83e8-4406-b2ba-16b9fb366aa2
bmk10000,55dd333f-d995-4d73-9a08-4005c6f5d92f
bob11507,fb93c9b2-c06c-4f50-b45c-14ee46958c41
bobafett11891,54a02fad-b48b-4b0b-8883-d16986c5bba3
bobbuilder2004,406d2dc2-986c-4dac-9944-c5a2fba9ade4
bobitibob,cba49180-fa57-4e43-b5de-0d158f4107c7
bobstevegary1,f8cb76ba-4dd7-472f-b048-051310b8e442
bodaghi,53407ebe-25cd-46ec-b92f-85a5ea30dc70
bodmin,139f96a1-21bf-4127-b0ce-0200320f2373
bodyodor,5ffa0167-e465-4992-a2b5-6809d4302c5f
boggati,2e161a93-6d33-469f-ae54-e299612070be
bonecrusherftw,97317f3a-f092-4e1e-af68-9cb3abe67d31
boojames2002,a1903674-2f8f-4ced-a4cf-621cf8913810
booster20,e175ea8c-e159-460c-bed8-d8ca0341f325
borism2002,aabf87d6-6656-4932-a0d6-4ed4518eea48
bossathis123,fa173a22-1181-48af-bf73-1c6d11270256
bossreinier9,749a3b34-8fe3-485b-ab4d-626520d8105c
bourgeoispig,ea1acb2d-05c4-4cb0-92e9-30c6749dfba6
boykill510,77e0edb1-bcb2-417d-82ab-5103055f8f6f
boyzrock123,d3e78485-959a-4915-9ca4-b9b9eb4d4017
bradle0609,afa5f4ea-756c-4e90-b49c-b6130d585849
bradley_f150,a6ff6a90-133b-4b1c-96f8-fc018344c4ef
brady150r,06c2f920-67de-4be3-aa8b-dac7435e8112
bradybug115,dcdeaf9d-752e-4df2-984f-e6a2fedf83b3
braindome,e8169b94-af8e-472e-aaa8-e3293c44e1e2
brandcool86,66067476-44c7-46b8-b9d3-d4ab5e57dfe6
brandonmeens,3abef638-9018-4997-84cd-82aefe9b7ace
branson25,00f28c91-d728-42e6-80c5-72a584760691
braylen302,36de226c-3bed-4924-8534-b933be9f7fa1
brettbusiness,ac37a165-2867-43d5-b9d4-ffa0a1d01253
brewhaus,3ec20941-3b49-4346-a72c-f6029968a15a
brianfast5,317c5295-ceea-4dc3-b473-e2f83268ef76
brizi0,d1b53edf-d373-4c4f-8272-66f2b13b006c
brndn004,ebb8966e-5a7a-4ea5-816a-ad30acd0600b
brofistlp,014dbac6-51e5-4d9e-b6dd-958d38a63ba5
bronkzoo,9818566e-1e33-4c69-a9fc-ce9f33beb1dc
bronzenews0312,5d616055-67cf-4754-8027-eb1042623fb0
brookesy1999,665848d7-baa7-45f1-97ce-205bde5953b2
brooksy392,408697e1-1f80-43b1-b094-f1a8227aa170
browney69,bd497058-046d-4903-8c62-83ac31d048e0
broxibear1712,ed20021a-6925-44fa-b89d-065f0b897cea
brumwell4456,80a132fe-2f60-4ac5-bbd8-6f791df2020e
brunooowbr,101bf306-4e58-4fdf-a564-fdd970781a3a
bubbe2003,c747559d-6a3d-408a-8f52-ba31d0c24548
bubz052,5ed71ea3-4df1-4b59-a370-cae359e811aa
budderalwayswin,c94086f2-8e0c-468d-a296-bbfc4a67c17d
budderbro60,447f6310-740d-4dd0-9f26-3617dc037fe1
buddergod32,dbf0b392-a370-43ce-b848-4a58345934ff
budderisboss,374ffeca-a112-4798-b5c7-bc98d19d933d
buddyf997,bdb6f6b3-02f2-45e6-974c-309e9bcf49e5
bufugamerz,a0a7eaaa-0341-47c4-b6a9-de0407b88af7
buggers99,e51d2c15-52ef-4a48-b9ec-d3025bfcb707
building_nun,f5dcb92d-0580-4e07-9c64-c528380e48c8
bumblebee530,6bd2aaa1-3bcb-481f-8992-8581edb4d7a3
bunny21233,200b085a-8973-4b34-b10d-f8603999d98e
burdkun,b5ae5c49-4a25-4698-9091-985194110194
burstarina,4207ee8d-feff-4741-adfd-2acf069fd9d3
butler4,5be28348-e7f7-4bae-bf76-bdaf6c1fa934
butta50,057d9e6e-acd2-46c8-850f-59cedb4fd485
butter_slime_123,3336ce89-de9b-43d5-8fbc-2e4668772b7d
buttercat01,3cdbd054-274f-4012-bc80-9b1232824620
butterman8104,aab7ce1a-3f24-4bc2-836e-b9d07ba8fa41
bvhu1234,47ef2154-fcea-4063-bd54-e991bd603ea0
bytdyr,11cf9c6c-7483-4d7c-a5fc-0b30b0ba2bcb
c00lzach7742,7ee4101a-ba00-42d8-94b3-0d2f0941bcb4
caden0330,9dab687a-b942-4c2c-8365-7ea094687244
caitanddot,e1a6343e-248a-4645-87ac-65d285d94a53
cakegravity,29e2d3d4-a1ac-4b61-8b81-8d97947c586a
calebsmith98,c4c99e04-e08b-406d-b3da-307d7952f482
calisue,f409adf7-2a68-448b-9614-a82f2d32b52d
callum_op2006,835ff2ae-f8a2-433f-8230-00ec71d092c7
cameron92003,5cb56d42-0063-4439-8597-55fced8a4639
cameront0509,8efe6586-6a6d-4544-bf71-0eb05348d3a7
camleew27,9ff34222-5bd8-4d3f-aae8-bc7a02722e62
camthehunter2001,f234438e-b9f3-43bb-b03f-76d3a26c3e2c
camwurts1,7856eed9-4db9-4335-b9eb-249f24c93e27
candycane200,fef46638-2d71-4297-bb2a-debcaa3a5b15
candycrazee53,54c89335-e9fd-484b-ae46-1acdd8613b2a
canttouchheat,914d300f-3f6a-47bd-8685-9513e6257661
captaincraftsa,51f300bd-3c12-4b06-ae73-e704e8ee3398
captainfabulous1,c300f91d-8019-49ac-89e0-ab108788a0e3
captainfuzzy9,3b38524e-edff-49ba-b49a-96303eb2547a
captainmatt11,34fb75ca-bc7d-451a-a300-4588c9773130
captainprickles,dc46251b-2dc8-41f4-92b2-ec975b9e7605
captainsheepherd,3445f665-40c9-4c44-9299-1a612c3e0753
captianashton,e13f203a-8b99-481f-aa90-1bb12aee6d1d
captnicksparrow2,5a23ba9c-7a95-45c5-952c-fc6c6176c50f
car2806,d23b920b-fbba-4e8a-95e3-912d174ccefb
caramelldansen10,437f2d77-368e-4d62-9843-e2e54aa5985f
carbonado4k,d059871b-0911-494c-8de9-8af8153ba315
cardsfan_04,717bb21e-bb37-4a5f-90b0-0dba040c5c75
cargodom,f582aa0f-144f-41e2-bc04-2df1e93f7dc1
carly5454,056930af-890b-4548-8951-997d521d3e93
cashvillain,7912eb5f-5c9b-44bc-9d9b-df8fe165f902
catamount14,84f50543-87af-4394-a7e9-9e2175a6580f
catdefy,4c5782da-1626-4d67-8431-12ef0e4fc4d6
catmat63,8ff2b037-3123-4631-86e7-3f74aa344094
cattopia,f98909b2-0104-4d6e-b4ac-3913e753d6ab
catty01,ec240499-52a2-42b9-bfbf-dbcae1819fa5
cbx543,b904beca-97f2-48f2-8ac5-11191f7517ba
ccandianbbacon,18d15e3c-5d94-4001-9cf3-561494977d5e
ccb4,7a49aed6-2d89-45ac-ba11-14626b54f491
centurion2104,b32ba7b6-08c2-4324-9302-7b63b465e154
cgedeon,e1b34a59-a3a4-47a4-9069-ea979cc239b2
cgranaham,7ecf3704-9387-41e5-9817-73cb48df2174
chacharambo,1daa19c9-0089-4391-8798-35b1848c33f9
challianhd,03ca927b-e12e-4779-a504-3f7367028568
chaos_dunk,21012b30-5c77-4a2c-8906-dac47fc09165
chaoticals,a9c3e841-1116-4107-ac8d-79cc83df64ee
chaotician375,0d186aa9-9f15-4e2e-9b9c-cc283e512f96
char_gee,e93996df-730d-4ebf-82a7-ad2fc0185739
charizardiar,7e204d38-f45a-4721-a444-e32afffdc667
charlay1011,73cf19fa-6c05-4e23-ab2f-17659b36dee3
charliedanton,5962e1c3-c752-4805-a221-d805506400f4
chaserzgamer,24a8d322-5888-4f24-91ad-196a7caf11df
chaymoney,6f6c60b5-1fc6-4574-b983-b8d02c9b2d36
checkout618,45b5b65b-2f21-4fa8-86e2-ecc0859c68d6
cheerleadercraft,f9fca076-afde-4807-a248-d8a2a9a92202
cheesemaster2449,f051e115-c0d5-45b1-8264-b4b67a66bd6a
cheesypiston123,40ff4b10-495c-4f12-b69a-9d61ca4a92a2
cherryberryz,8163af53-dfd7-4051-b793-80be5c001327
cheyysage,59e50236-0cac-4506-ab52-8b13c9715ddf
chilipepstyle,6701cd1f-a5ab-4b75-8dce-82a6f2f5379f
chimi_changas,88d88b7b-9c88-4103-8f35-546a5593f508
chocolateicing,39da5263-6feb-4728-b76e-16b86fe26d74
chris11fowles,c88710f4-da59-4cc1-b728-68be2b2aaa62
chris_kerr,34f3f9c5-7894-4815-8978-abe69a544682
chrisdorcey,b436f3f0-14ee-4c23-91bb-8b821aa70d0c
chrisrockdam,6e48d371-d573-4eb1-9443-68092b14c3c1
christian19431,124c4fa8-848d-4173-a52c-e6ec50f2cee9
christinah123,27f64cdb-f8f7-482c-a75f-9506668f019f
christinejake,ce03d81a-5730-4703-b856-27c6ae3186ef
christoffer0602,b974dced-619a-421d-b295-b5b362a13ebf
christy2782,c073b094-c3b2-4564-9b2e-8e431c69fc0e
chrisz2420,fff13dd5-8dd8-496f-8fb4-ddd5f8290575
chromium,b65b85c0-c86a-4e65-b1b3-d832ca04c622
chubbs579,bb24f8ce-d5bd-418b-9774-f25d7e985fac
chubbyduck1,5368174c-7e99-4b28-b4d3-cab960dd8eec
chubbywalrus_,44b46b18-29e6-4482-8ba9-eecde4932883
chwolfgirl,a5ffb61d-2706-480a-a3d0-5a80100f5bd0
cia14,cf96d2c4-e729-4ebf-92ba-85b007e5c88e
cinda44,3fa7b992-eb58-4090-ae75-4ea7caf42526
cirerock,929470c7-7a65-49cf-9cd5-632716912372
cjburris,bc720ea9-2f40-4546-87bf-2c82df9f3285
ckmc03,4f0f34c2-d2cd-4b4a-bd91-96a276bf062b
clarindiah,82ffe8df-0cc4-434e-82ac-e42ae32abb9c
claudiahermz,e2c5f42c-e9a2-422d-a732-11f3f042622c
clausk,c6b493e4-cb67-4618-ba79-f850073e62e6
climber566,7595b9e1-5883-4e29-af20-cbdbd2dbc09f
cloudguy,89fbbd29-62a6-4eb6-a044-a1f14f0abe31
clubstrike34,daecf033-91ef-4b91-ba95-f34c6a17df61
clumsychicken,da8de25c-1865-4c40-88fd-9ccf1bc945e1
cm45prod,4b29f248-ff8b-4e0d-ba8f-32ff46e223e9
cmavinsr,38b17272-255f-4b87-90f7-362cf58b85d2
cmc0967,9b6f7950-a95b-4cf3-8dcf-b12d75bdcae6
cmj2,912b33af-6536-4060-be6d-3358ef6b825d
cocogil61,35c52fa7-781a-4482-8784-e69a9b7c2c19
cocorocks1313,e5faed40-0f1c-4332-9694-d0f7262171fb
coiored,d93358b1-96d0-4b80-9736-1c2c485cdd51
cojo30438,9ae929b7-8732-44c2-82f6-bc4550f0afa3
colderelm82,c66ed963-260c-4ce5-a657-4e2e4a256d0e
coleben10,a5fc6cb3-de5d-4d55-8c08-ad124fa80af3
coleisboss,0e248ab0-0307-4f80-a980-b0c1538c2b5d
colelsboss,612db6f3-468a-4f4b-9d13-503938e1c780
coltmo,3313194c-f0b4-4a84-a75c-8285f4dfc1c6
conlew2004,14dfc959-85e5-4ac8-98b8-34dc75634deb
conman21212,20c9d305-d487-49e3-9076-c25555c69a96
connor12,1996df2d-5c88-4a00-90aa-d3e3a7759d81
connor5113,7bbc4dd5-dfe5-492f-a67e-1462f51380c8
connorroony,f92b0c0e-686c-424a-94ad-a2848d29ee90
connoryt,b0bc8956-731f-443a-a353-5dd9a57a5e96
consti02,ba3c9eef-1996-4b8c-8f1a-04fe06b868c4
cookeclicker21,a041f184-8d1a-4ab7-a753-d19d992ba356
cookemonster8,00a90b00-1189-4c2e-a134-e0670f65a803
cookiejackwtf,35b5919b-d54e-467d-8e71-10ae8117f5f1
cookiemonster206,7e590e50-47a6-4936-b2f7-651a2ca0e89d
cookiescookies3,3a7f39df-49fc-44b5-8a08-24bdfd8538bf
coolduderoxs01,35b109cd-3007-427c-af63-7819269fcad3
coollewi,6c6dfc0a-5e10-45d0-9812-08ee24892c55
cooltalal111,44d5212b-dba9-434f-8d1a-471111bebe34
coopersonny1,b046a86a-8b20-4e8d-ae43-3f39ae355a04
corbinsworld,5f386735-d879-4cec-8967-972847fe5bdf
corralbio,1bc7ce93-c2a7-48de-a0af-5b6b9a8e383c
corruptedwarrior,adc6ff81-0733-45d8-b92f-53188f092ba8
coryheads567,10d6a903-f1cf-448a-99b5-b8c6c3e00dd4
cosmiccortex3d,a6c2c4e4-ed2a-4ce9-85df-8647fba27f50
cosmicdestructor,d773eed5-2250-404b-9ea9-786c88213532
cosmicwolf06,63662203-2f51-46bd-a8d7-32590a85b202
costlesscone73,314a66c6-9cde-4d6f-bb37-02e31885383d
coty,b703bff3-d905-4f56-8cc1-8b93e031ecd1
couchy414,44a224af-f07e-48fc-88a9-308ab77c609a
couchypotatocake,72263253-9037-4993-a99c-d01a617bd4d6
cougar99,fbae529e-bae5-4c65-9897-1c8e1d155c74
court1234,4ada3df7-8ee7-492a-a976-1c4f8c7059ff
cowboys0412,9823e11e-ef79-4885-8453-165de7ae5707
cowdium,da54eb4f-fb86-46ce-b31e-162d3ca1521e
cptnskullface,0fb4d44c-00c1-4f84-80ba-49123f334d9a
cptslugdog,398f076c-eee1-4c4a-a4bd-6cd94c261c71
crackerjack9,36772185-37a4-4e20-bf21-3805d9b7a407
crackles12,d95862ba-cc12-4945-8eed-ad994384c50e
craft3d,b4a7afe9-ea8a-4ec3-90cb-4f1db4bdad2f
crafterofsticks,78f1fd47-5ee8-4654-9b9f-8e37432dd0c7
craftingnerd2003,eabcdf91-325b-4ed8-b477-e45f75d6b117
craftman114,f6364967-883f-4f7c-93a5-983cf1683963
craftylego1,3e05e5d7-4c3d-46b6-b626-c5989c5f5888
crately,913579a0-fca1-4b5a-8600-595648f31984
crazycow754,3438a089-f72e-4280-a6af-d43d812ac83d
crazygamer9915,a37e9582-0ab6-434a-9f7d-9ae79595a389
crazyguy20005,18be9b8e-5b6e-4b5f-a35b-5d9944d3cb0e
crazykrafter08,6db5ad24-9cd9-42ce-8cc0-8de46b675b90
crazyshine1,a1e34d78-d1dc-4e31-9509-3356d351e31b
crazyslayerpt,c206e167-01e6-43f2-8b6a-881f4fb7d861
creekwarrior,9b0395a1-1613-49e9-903c-1417a8b922bb
creeper4killer__,764c3796-e6a2-4218-85bf-c5d5b56bc789
creeper_snipez,493b6230-dfab-4a28-b80e-d6ef5daa473f
creepercatcher44,5851a4b1-aa97-4b74-a2fd-6fdfa55710bf
creepercrewhd24,b84f0bd0-a1a9-48c6-92b7-08882892b7a7
creepergaming25,89616f0e-a9f5-4b4b-9bc6-589d1b1cac6a
creeperhalo,6eb2648e-15fe-407e-a934-0c421b078fbf
creeperking9327,c57910f8-da4a-4f4d-b0ed-786abee010a0
creeperlover44,cb56625a-ab25-428d-b22f-d8eaa6a96cb9
creeperman023,887c3c03-56a2-4784-93ce-6086543477e0
creepeyenderman,acd2f7f8-c065-4e3d-a743-0b6fe6ca8ef5
creepientist,77644715-8f53-4c69-a240-2c8050be8221
creepin_unicorn,1482fe1e-f0c7-4473-9765-6dc8917f1714
crimsongaming25,9853260e-e824-41f5-942d-9aa9eb65c4ac
crismend227,fac0edfb-143d-4453-b3d0-5c1e3db02863
crispy_narwhalz,4bbeddb4-a870-4426-91f5-9446c3976f14
croco9,172f1376-9710-4be3-b75c-3ea7a9541ce1
crokeykid,4919f1e5-9435-4189-bd75-c2aa778879d7
crowly259,1d558965-1dd2-4f8c-98da-63610206e62f
crumblethekitty,c0fb6c3f-2b46-41ee-82ad-629489ae698b
crystalgreen3,e664d005-6e49-4b00-a4ec-8a9ad693c543
crzydave42569,885503b0-cce9-4d9e-a51c-dbaf7f21a065
csfootball55,2dd723ea-d1ec-4b90-9ccb-b7db3ff39c7b
cunninghippo97,4e7cb11e-c36b-40dd-b994-15bf55d99945
cuteblade,b17f712e-b60e-43f0-8ec2-c42f366696fd
cutegirl777,3c2d473e-03d9-4dad-88fb-81a279e603db
cutesupercreeper,b6416315-8374-41b6-acd9-89ceaa60c28c
cutewolf1111,429c4afe-cb43-4715-b382-890ada0ceefd
cutie_pie_11,38e8b88b-8690-42a4-bf3f-b91b9c77d79d
cuttimerice,d87b06c7-6d40-4242-911e-e05b4471db78
cycnum22,0ec47baf-03c3-4fe5-8908-2ae7414c8e16
cyndersam,d729790a-1458-48df-848a-b077f2d615d5
cynicalrg,75ba59cd-fd92-4b75-b438-3bec6b0a6243
czarpyotr,b9cdf3a6-c118-4ee2-a720-66051a260444
czvxndy,516cf7ee-9034-4282-9c15-4de8e2365cfe
dabawss6969,55ca7441-853b-48e7-a1ba-8ca72ae835b6
dabestbuilder,853b59f9-8766-4f49-8cf7-2ec025cdc07e
dachri5,c350858c-b5e8-40b3-9f41-73e73e4c9086
daddyof3,0c32c0e2-0e04-49f8-b874-996354c84543
daggereye,12d41155-04fc-49ce-bbbe-8c1878cc9304
dalgladil,0c28b999-e291-4ee9-8dd6-0f3df46c337e
daltdalt2007,5bdc24c3-b473-4cef-bd2d-38db28aa2efe
dalto88,90f1fb3f-7fcf-461b-bf18-74f2ac9ba24b
dalton107,9105ee70-5368-4e55-a527-dfee6762d834
danc1ng_n1nja,bd65d815-06b2-4c28-8090-0f3d2144415f
danell110,ab497a84-ce0a-4d43-9db8-43d0e937d1c1
dangelo04,49fd1cb9-2fee-4427-b6cb-f4d874eecc32
dangerzone3,3d475ad3-8dad-4057-9534-239463e49c2d
dangerzonepro,d673651e-d8f0-4530-923b-ae4a4461dfef
dangles4days,612242bd-66e0-41ff-8cd5-06f20dcdf716
daniel_2007,f442c27d-3286-40c1-88eb-e7b4cbae1b9d
danieldigital,cad46905-dcce-413b-a876-f886df47c4ae
danitheboss2000,aeb7c655-9e5e-4d9c-acd5-fb5dc89172bd
dann4h,e449bb2a-82af-40f2-baaa-537550e0e5a5
danny982,0c035ad9-855e-4c31-9536-52648e7ad323
dannyman52,58517490-22b1-4834-82f5-87c1fb3dc674
dannymanftw,6c212497-ef4c-4160-91fb-330525c2f6ad
dannyop,fdf7cd6b-bcbb-4557-a11b-ba55b22229f4
dansnake1500,676dc443-af84-4aa0-be0c-8898f5c39cb6
danstheman1011,12d18ae8-d172-49c0-867c-1b868aa5e120
dantebudder,eb9c8842-265e-432a-a432-b2ba5637bf3e
dantheman3121,15f5dde6-8b4e-449d-8d9d-f51798c354e6
danutu69,0f337c5b-0090-4257-8b56-1499c02ded83
danwat2004,865b0692-b4e0-4dd0-b429-47576f02613a
darius2234,c2b6287c-ce97-48f8-ab2b-696843bb23f3
dark_horse123,297359f8-584e-4c33-857e-b18fea7bcbfc
darkbrewery,46654b3a-ef0f-4cea-ac0f-7e94ebef117a
darkcloud100,ff7213d9-4c01-4fd3-969f-0808d6bc0d5e
darkdorito2000,f391e87d-0cbd-40ed-aa1f-1f98fc40892d
darkenedbeast,dc885846-ad87-4a80-9ac1-672bbbcd1254
darkform31,08c0b7a6-1a1a-4dc7-9afd-9673e29de94b
darkknight904,4d0a64e3-c87e-45f4-a25e-0e0d101fc6bc
darklord_dugsiii,fdff3db1-235d-4eaf-a30b-cafeedd43916
darkma7ter,9912043d-e7c4-43cf-85a7-4440284e9ed1
darkmirage572,9cac9138-e278-4cce-ab68-850c9c769f61
darknessbladefr,d3525051-bf5b-4f31-9f6e-d03741c0c06a
darkshadow0550,d9b6e061-7041-4ece-a365-acbbc9c94b3e
darkshadowcat,af4c2f89-c631-4573-8cc6-39648995b102
darkunic0rn,1681ce1d-bce8-4ada-b33c-7d6d7f916280
darkwolfinsanity,67845aae-cee3-4bc3-903d-e9b1d76ea3fa
darthhorror,4d09c28d-ebce-4499-9a7a-9e367b522466
dashm,a2fa9f6d-2bb8-41ed-b071-3914f1fdb783
datanonymousguy,fc4c7b0e-31bf-4e88-bb65-11235d36805b
datethandoe,8c7b43c8-5ee1-4fc0-9f53-1e09a1e7fc01
datguyaustin,7ec13fc3-4b35-4ec4-bf8d-40f8b94b3d8e
datknifedoh,524c0630-6978-4caf-bf98-256aaf2fce30
daveinli,daa47287-86bc-410b-9355-c9a62614fc25
daviddisaster,c3010eb2-9f81-4ac5-94d6-c035a099492c
davidgaming,512381a7-201c-4675-a8c5-2c42302af9f2
davidos1063,71cc61fc-4253-4d23-87d2-1ebe3271a033
davidpt8,18df05ef-417e-4173-9669-58484588fc4d
dcoolb67,99415cc3-b598-4125-a0de-d1b2d0d5a770
de_to_tvillinger,570181a9-97bd-4a90-9375-8e802ab5b5c4
dead_defiance,8709fb7a-b863-4109-81ab-d9b197668a89
dead_the_savage,ca06bf0e-1079-4628-b47a-9def8394a4c7
deadleyeye211,87e3d91f-1281-4e11-a7a1-52ce3ef1119c
deadlyeye14,c71a2ff6-5e7b-4dc1-bbde-c4729d7dc435
deadrapper5,02c87778-9a2d-461d-895a-2a80a240e5bd
deadslayerftw,6f3be0da-af10-400a-a505-d54263851ba7
deathhunter16,0b21bb6d-53e3-45ab-8084-8519d8718bea
deaths_demise,071f6ff5-a887-4d48-a0ef-36aa8b9bc4bc
deathstar2004,85f26330-d49c-4c2d-918f-8f8b8786e625
deblitzx1,9d101cd0-a95b-4e74-9f99-d600049f2f65
deformzom12,222b8d26-37cb-4b2f-bbfd-a09cae5b05fc
dejay6424,9f15bf38-96dd-4d0c-ba3b-cc6e447402ec
delgladil,dae7b982-83ca-434e-8418-c7255b21f153
demdiamondz,dbcba43d-14aa-4ddf-b3ad-f15eda13ea53
demiferum,2306aa7f-4eab-4ef6-a7ac-1da440c6aa33
demonglitch208,f3604b6c-19df-4440-ba74-778c3e5ccf4f
demongod1895,8a44d110-87ec-44dc-a490-7d8d048e8f13
dengn,850a0b0b-5708-4c40-b621-ee0c7adda722
derpyhyuga,82c0e568-f41d-4906-8a78-fac35f9940ab
derpysquid76304,036769ff-8694-4e4f-a458-c4069d499dda
desamound,442fffce-296f-4f84-9c91-2246010e7aef
desertfoxx17,3c306b03-888c-4f35-a8d2-2c2b8ff38222
destinyfa1con,e39c5cc0-30f2-4b60-b5f0-acd8a0f1b580
destroyer_08,94cc079f-1b27-4402-a6be-3ed3a5f81ac8
destruct0r,d7d1d778-f1ed-4250-a760-ed0077796543
destructcube,ce008eeb-7990-4606-9320-4b481b8617ca
detrightgaming,262ffa37-6139-49a2-814a-9f3e68628d3c
devil_fire_666,99389580-a277-4995-a9b3-336f9ef38512
devin_010_,0acc379a-7729-4ac1-984a-b0e9a7b9e5c6
devinkolb,31d869a0-83f7-4aa7-afb5-3ecd24eb9ac3
devon301,b2efa8ca-bdfe-46f0-a784-3d3c9c3d8c1e
diamond_dragon_7,1bb35db3-fe77-4e85-b1a0-a6ddf4a1e104
diamonddog159,3eff7a3b-27bd-4f1d-9dea-fa653beb504e
diamondgeezer23,5487105c-beb6-4a8e-8761-c2aafdc80bc1
diamondli,48a15c0a-69c1-4ce5-b8e4-2938ce9f24a8
diamondpro6,7ba042b7-1f1a-430a-86ef-894fda6dc3f2
diamondshovel28,8ca393f1-aa01-4df1-a075-3c34a0a7c399
diamondwrecker,b8f1804a-41c9-45ac-a2b5-736a41ef2a97
diandrew,36bdb83c-7063-4cff-91e9-93e825a2f997
diaxy,ae6f8a5f-b779-44b1-8b6b-8a100383182e
dickos,42765b18-e138-4109-8c39-9157d07534e6
diddybriz,59f70c98-bc76-459e-8676-6e7301629965
dillonb12345,df0def4a-5adc-4e7f-8cab-fa5af50cf446
dino_mite29,31874d11-0b87-456d-a307-691c546ee9bb
dinoxxdmc,5fe16021-2019-46af-88c1-c6e2e455f533
diogoplays_mc,6f28d15f-05b2-4a10-aafe-59629ed44d85
dion31,f9609fa8-5c16-4090-8c0a-48df11c5623f
dionboy2,ad22a452-b02b-4446-b58b-1f9b331c2f03
dionis2005,94c31ccb-1446-43cf-b720-6370c7a2632c
disbullits4u,b9d75bc9-5a98-4ee5-a398-84a320506a97
disco_drama,82123919-ffd9-45cf-be01-bcde75f36cd0
divinetrinity,45ef1530-3188-4f09-8270-c716aabed7d8
dixarone,0c263b9f-f41d-4fd4-81fd-1164d2650c31
dj_khaled,253e1362-d7c3-4d57-85a2-8fff057cc8ff
dj_kwstasgr,e919249e-3a83-4733-997e-7e433438c56a
dj_max4life,53d2b235-7b17-4f7b-b01f-6a64490dc28b
djbeatz_115,08c2b3d2-a21a-42ee-8883-091dbbebf538
djdog10,344da3bf-b52c-484f-9233-d0f1ecb276d6
djkaye,3d3af669-c06b-4b9e-ad5b-a4dbfde2c9ca
djkevin800,4aeeb889-702d-46bc-852b-f6759e3af56c
djordan02,37966835-f2c7-4900-9248-a2e3ecbeb803
djveda,c2e84e9c-2876-4251-af90-f51eb0648ccd
dk_andreas_v,f951e0c8-8d1f-4e81-80f6-6e2c63b70855
dleg16,b5e7a866-8902-49a7-b255-ef763bf7a3f5
dloxyplayzmc,05053228-359c-4e74-8bd3-df8831810d15
dmepepperoni,780c7d30-1403-4d0e-83e8-b3871d90a85c
dmitris,d4a47a77-b862-4d6b-9c3c-8e92cb0eb914
doggeyface,da637a08-1f29-4a9c-858e-f51de08ffed1
doggone253,b6116859-d773-4729-a98f-10278117ff2b
doginthehat__,03a13fbe-80dd-4dc2-99dc-d492a184ec8f
dogjones,03c00a43-2429-46f4-915f-2ca10bad009e
dogkid03,823782df-45b8-4032-b8be-4ea31d094cdf
dogman0121,22484545-7fb3-494a-8c23-c7da04cc2298
domino_warrior,209329a7-edef-45e9-bc65-bbe15dcfcf33
domrquat,0b18c9d2-a5be-4d03-a50c-2caa68dc83e6
dongwoom,d945458a-3b45-4f66-aa7c-6c26eca9c751
donmarq,8c2456da-fb32-4b1a-833d-82870e5dd76a
donnieseesyou,4c2b327d-0797-447a-b53f-856ae25d9659
dontkillme47,04bed017-ef66-4658-b33d-2c75e7f6d1e4
doomguy9999,57ad4496-2542-4e04-9ec6-266e21627fd1
dougie2014,0bf59ab0-5f04-4552-88e0-59e46f112126
dovahkittenborn,690df6cb-9776-4841-bd5c-d511ca189a30
dovakiin2001,45fe2624-dc5c-48cf-a5b4-cd9dd73ae7f6
downfall325,73b35c3c-978d-4f64-9594-7ce99d1edd15
drag0nborn94,23d8647f-5819-498b-9c45-bea56779f719
dragon123199,c04827c6-9ca6-4f1b-b389-7587dff7ac86
dragon90,9f09e13e-8b0c-432a-92a2-cf19a95b9bee
dragon90uk,54fefc9a-5fa5-47c7-b83e-07ad9f4f04c4
dragon_michael,f520f717-dac8-415f-a2f3-ba461ec5d8f9
dragonballzman99,9b545cb4-572a-4633-87d0-bd7fc58a7f00
dragonboyyoda,1b3aa887-adb1-4e03-b437-8d40d7eefb26
dragoncheetos,746d800a-d821-45df-8edb-9d862bd02bc5
dragonheart1972,8dd0a810-d154-41cf-91ef-0c33719b18a2
dragonking1092,b9f00b5e-1b4f-4bc9-b997-35fc933a28e8
dragonlange,ba3bd26e-1887-45af-9842-a99039b32007
dragonlord51,96c3f718-d43a-42e2-8e89-07989f34e50b
dragonmaster90,13886d08-81c0-4616-adbc-76a589cd5b6b
dragonslaya1997,24beca67-6347-4716-839c-cbb26304440d
dragonwarer123,3131c97c-472f-4850-a018-000125fb2d20
drake8932,3c839487-89cd-4586-b3a5-322344e39f31
drannoying,9534736f-806f-4ee8-bc85-f576c574e283
drblur,15ca1b67-a87f-4ebd-a653-c136bd222dd6
dread0522,3b631154-17a0-4fef-9658-a63b6dfd54ce
dreamcrusher140,26dffe0c-6978-4a19-a713-e6a95f38cb8f
dreesantoz69,896f43e3-4ad4-4f40-83c1-b1879b50b73c
drew15000,4664a8ac-2d9a-45ac-93e7-292589f9d126
drewburz,a63abcf1-ee1a-40b9-9a42-ee40e7a0a59a
drewfromtgc,963c771a-27ac-4149-9f67-2a4461013d03
drizziedrake,cbbc468c-b282-48bf-bb2c-9476497944f1
drk2004,ec3355d0-4173-4e00-a208-0498b45e018d
drobot9000,cfb70524-9514-48de-b2f8-107c66a2294b
drunkenkorean654,6595757b-b4e9-438e-bef0-be76790884da
drurock,535660d6-e9e3-47b8-852b-185515cd4dd7
drwhogeek07,47dbb85a-c959-423b-afb4-6e7c75528461
dubbahh,01572222-3ac8-4941-b6d5-f9a93c63040c
dubbies,802bf969-fb47-49c5-a984-4b1d95696900
dubes17,216ff540-251e-4d4e-80f1-2ec2cf44863b
dukedemon22,b22df16f-9b6f-4472-815e-4c13a4d62c13
dukedoesgames,c53f89ac-c42d-45d0-b8be-661f041f88c4
dumbooo361,d0b7d822-2521-4b18-937a-9fd673bc6134
dummieking,4750006c-cbb3-446e-9726-da6648dbe469
durgon,331c748c-8fa1-464c-8147-ca4ff79f2c0d
dustybonss,f9af2747-f20d-449b-b969-80c1e869c8ac
dvalyn,635489d8-8ceb-4357-ae8c-486314a272f1
dyingplanet13,c568e54d-eae6-4151-bcd0-e1b8375d8e7e
dyl4303,ab850203-8a4b-4042-a3b0-f8cea9836c31
dylan110301,c6b310bd-cc23-42d9-b82d-19d03c309936
dylan_champ,bf5edee3-3a1b-426f-b739-2a4bb1f7e694
dylangreat123,6194a806-23b1-4986-8721-2db4ccac252a
dylanklipp208,a6fbfe48-f6ad-4149-945b-9d9fa9a75a33
dylanl2005,1f1d8925-496f-485c-b8fd-3f34543c7587
dyzma75,d515fb02-8992-43c2-8458-53eda7c9d3ff
eablack,ef226b4c-a07a-4967-bbcf-ca6993c34ca6
eagle_95,2745d18f-a8c1-40ee-893e-5501f402e088
eagle_9977,556f0cbc-7cf6-4c75-a4a5-a639f5d018a6
earthvxz,3b7063cd-75c8-434c-a3a2-198b805686e6
echocrafter,83ee956e-b9e2-4c79-b76d-a0ccb3a565e0
edup,516da236-541a-4517-b816-b20246835d3e
edwardbrine,d5c11627-1788-4bac-801b-728797f286ef
efekalyoncu,b7c83d26-bfd1-44e0-b3a3-fc8641f9ef9d
eldrush,21c5f572-1747-40fa-bc85-d129a0e1913c
electricstrike29,5e67e0e3-857e-4788-b029-95abbedaae88
elephalcon,5a3a4543-d78b-4064-8635-164b40e2ad28
eli_lowe,0365332d-50ea-4639-b02b-18b86f345e3e
elias23456,5ecbfa3d-563d-4a7d-b60f-13997d018fa3
eliasr05,e8d65079-57a6-4b25-9c30-114cccb5de86
elisaolivares,6ff0c0d1-0cd8-42de-b7dc-1feeb177c287
elister1,5bd9c3de-0e6c-474b-8b6f-d6c635465770
elite_gamerzz,d9087243-2a48-40b2-a47e-f563a3412d73
elitekarma,1cb6d10f-7e62-49a8-8ca8-b28370cf4256
ellianna357,1c332a8c-6ed7-43e6-a782-ade1dbac5b2e
elzyboiz,87e50144-a2d7-4cb8-9637-dd1ed41ec33b
eman_digz,c1a94746-2d78-468d-9960-883863c69ea8
emanlego,a238e076-3670-40e6-84d2-89a885fbcc4e
embeddedsolid4,2901d165-9d38-4cf9-8222-f34e6bc9d2e0
emeraldguy222,ebf3270f-f5d7-4f87-91d6-cb3aa8078a72
emeraldjunkie,873e7ad2-6b2f-45b4-899a-543cc4aef7d3
emeraldninja5544,bbc60a52-aecc-482f-abdc-52c97a871f90
emi_chan717,954b1805-6d76-4f1d-8765-73711210c9cc
emil12345sm,97906fd0-f658-49e8-90f4-73631a7222e7
emiljensen88,c495372d-acd9-4f05-9b44-cdadc00a2e2e
emilythe_pro,7d5b562c-1a31-45e3-a06a-91418dee13f9
emmie69,29bfef69-6c1b-42eb-9120-e08c824c7197
emppu997,4f770ac1-ef46-4c77-bf00-6231fbb9ccbc
enchantment__,c5f3f789-d203-421a-bc2b-f40821d13b3e
ender_g_videos,23a4a910-cba5-4945-8e4e-2076248597c8
endercl,3a2d1a9f-ad9d-4703-acb8-87b3a8dfc826
enderd3rp,3b88daa7-b9bd-49fd-b942-3dbb933fd7fa
enderdevs,ae712356-b5f0-40e6-8913-3bcbf9e9bce9
endergolem24,c549a8f8-a42b-4856-8805-5168e02d23a1
enderknight15,5836cfdc-dd34-44e7-926a-aafc2b10cbaf
enderlox666,05c59dd9-9aab-4f73-be6b-9eaf5186d0d4
enderpvpsyt,d3d46cc4-70c4-4047-90c6-d01637d2cb53
enderstarz,986a2425-458b-49ca-bace-db78ec6c66f3
endertolga,fad2227a-4225-44b5-9b17-01d5f310dd70
endlessnight,460a19eb-d12e-4722-a638-de248986d505
endy_pearls,9a066553-4a55-447a-a0b8-9677f8cfd7b8
eninjacreeper7,f8b94b12-5a73-4c0a-a4d0-35956cdf67e5
ensar07,d08e3e36-5712-4a96-a470-979faa3b51ef
enviouschris,b7bffe50-23c2-4a59-9c43-926b9281b1c5
eocviperz,7fb4c150-65e8-40eb-a0d3-4b856feeb6d4
eodi,f3346fcd-6519-449d-982a-0babb4445f33
eotzuca,f72068b8-2084-4655-a753-1a6b985045d5
epeefencer,6b8b8f54-5a9b-4516-8188-79116bb316c7
epic_cakegirl9,1508e2ee-b6b0-443c-ad14-bdbd2c55ab0d
epic_crafter_123,ab8cb57b-b173-49d5-8ba4-92d7756b5b60
epiccrafter612,de55e2ce-33fe-4a7e-b89b-a1196b0f1647
epicezale,c71b93a8-9b32-4398-b5e5-1474e1a5bd76
epicgamer35,00530985-3f65-4bb2-8429-6d5c2288e5ea
epicleya,e1579cd7-f143-432d-b848-1402a6258072
epicmcswag,3be6b762-b234-40fb-8681-cb87e0afd4c9
epicmonkey21,26618379-ce90-4a79-97ef-9aaea9a84533
erezushimc,5b1472a7-0db0-410b-b127-115f9c4d46c8
erling2000,874bccc5-5a7b-4a7e-9021-1f156d8e1c28
ern114,094c62ec-fb04-40a7-924e-dbac7e505a51
erwin2014,05f69fac-0afb-4426-8e7b-ef9fe7333df1
eryp2007,03ba3d8a-b1dd-4e55-a876-d67bced47f6d
eslovejames,6d47b316-aabe-424c-af2b-ca5fba4d1668
eth17,87b1eb57-c906-476b-a7ae-f761494e808a
ethan_shawn_,91c43488-9e20-4cff-a967-a2696605ba0a
ethobob,7339efc7-65f1-4b08-96f6-4fc7f8c1f875
euge_luis,152b65cd-54d3-457c-96e2-7389504ad345
eugeneyackle_,1c47acb8-64c7-4d2f-a7d8-8e2b0d394fc6
euphoria918,8b15f3a5-7402-4177-90dd-5b40ba3fffe6
evanbuz123,669b548c-7150-4e2b-9b66-99ecdeda2917
eveilsnowman234,261d93fb-5eaf-43a5-a0cf-51b1f3d0fec5
eveningdawn222,0729a66f-07e7-4b4a-8a58-3c7c18cf271f
evilgoatboy,504c0bf1-048c-4ff9-a740-9b5cc46b4468
evilsithlord,d3fa4ecf-379d-410c-ac05-3526e9e5cf81
ewany,dd775823-9472-4ba1-a089-48aaba2e7359
excalifrost,6d086e83-5bfd-4609-aa1b-81ae4ec1bd6f
exdestro,82177dfd-02d4-49ff-8972-85083e04c635
exocookie8999,6ca78d63-3278-4ca4-a12a-e237356a0f50
expertkid,b8f70bb6-5250-4a61-9e31-fcf33f9ef8d6
explosion02,eb0c6f8c-b12f-4216-a2f2-1d59d96d2d9c
extended_clips,3193ae3e-700f-4e19-ad51-c07aed8e16cc
extrabread123,8c8b11c3-ff25-4ea0-bf6e-5924fcb9838a
exzibitgaminghd,1cb9bc20-c7c0-4818-bf69-2b7774b60c34
f1r3fart,932d5bfc-f079-4e31-b8df-5a7086d08996
factionraidz,c326b4d0-b943-4456-bc9e-2abac95e95b5
fahad_alsabah_q8,95039d7f-200e-4353-be27-ee565600047d
falcongiel,b772147e-d255-48c0-8e95-a3585e062f87
fambosvelt,f239f170-252d-4d38-87a9-e8caa3c89b81
famousdave42,cee0d6b8-2d82-45ad-ba0b-2233acdf309f
fatalkingmc,b856eea9-7c01-488f-8212-d0175d091857
fatratdayum,165f7f13-8b73-41ca-8e5a-b375a376ef00
fazekill1,c1a33cf4-8568-43c7-8649-91108bc88b56
fazzglitch,60c51c6b-c18a-46ed-9651-4ba7371c30ea
fearsome1407,32c57797-9a72-4364-a2d2-3c64b47658d7
feedmecakez,64efe833-efe2-4673-9acc-6967ea2e2533
fenix1166,1e74e1e2-96f1-4bd1-aae0-40a3d14658d6
feranmi,67071908-62fc-4809-9b3e-6f6ef7dfb7d8
ferbmicah,81f4cf09-5708-45bf-b54c-f5620df70f35
ferrinor,0f118f17-91ed-4367-b9d3-c93e8e905d11
ferris53,94a10a96-ca21-4787-99f8-3d6d79a9a9c3
ferthor,a3d8da0a-4adf-4872-a56d-efae19555de2
fftara,17d5c2c2-163b-43d7-b691-0dc3ede51790
fillakilla12,3c7a6a13-713b-4f01-947b-86c678332563
fillestar01,89edcf18-ab46-40ba-b8b3-0dba4571fe95
finalplacement,7d8439e0-466b-4fe6-b9cd-30e24098d567
finnmonkey,853cb2c2-bcec-44f7-80f0-a339f0d41f14
fire_elephant_11,3c167c84-c41c-41f1-80a6-e0d306fcfcd8
fire_lord_00,881fec5d-775f-449d-9eb7-00878bae2c6a
fire_village,5728bf6a-4f54-47a2-9ccd-4b051a931d11
fireball7211,ed66e77a-6d60-4c0d-a5b0-51f5f580ff40
fireballxd3,a680ea6f-cca7-47f0-86b1-ad909b60543e
fireblaze150,a0f2fe14-a678-4